Provider ID,Hospital Name,City,State,County Name,Survey Response Rate Percent,Patient Survey Star Rating
60117,"ANIMAS SURGICAL HOSPITAL, LLC",DURANGO,CO,LA PLATA,60.0,5.0
30107,ARIZONA SPINE AND JOINT HOSPITAL,MESA,AZ,MARICOPA,57.0,5.0
50708,FRESNO SURGICAL HOSPITAL,FRESNO,CA,FRESNO,55.0,5.0
50726,STANISLAUS SURGICAL HOSPITAL,MODESTO,CA,STANISLAUS,54.0,5.0
50769,HOAG ORTHOPEDIC INSTITUTE,IRVINE,CA,ORANGE,54.0,5.0
50754,MENLO PARK SURGICAL HOSPITAL,MENLO PARK,CA,SAN MATEO,51.0,5.0
30131,O.A.S.I.S. HOSPITAL,PHOENIX,AZ,MARICOPA,50.0,5.0
40147,ARKANSAS SURGICAL HOSPITAL,NO LITTLE ROCK,AR,PULASKI,49.0,5.0
60124,ORTHOCOLORADO HOSPITAL AT ST ANTHONY MED CAMPUS,LAKEWOOD,CO,JEFFERSON,47.0,5.0
30112,ARIZONA SPECIALTY HOSPITAL,CHANDLER,AZ,MARICOPA,46.0,5.0
50357,GOLETA VALLEY COTTAGE HOSPITAL,SANTA BARBARA,CA,SANTA BARBARA,45.0,5.0
50766,SUTTER SURGICAL HOSPITAL - NORTH VALLEY,YUBA CITY,CA,SUTTER,44.0,5.0
10168,JACK HUGHSTON MEMORIAL HOSPITAL,PHENIX CITY,AL,RUSSELL,43.0,5.0
10073,CLAY COUNTY HOSPITAL,ASHLAND,AL,CLAY,35.0,5.0
40134,"ARKANSAS HEART HOSPITAL, LLC",LITTLE ROCK,AR,PULASKI,35.0,5.0
61322,HEART OF THE ROCKIES REGIONAL MEDICAL CENTER,SALIDA,CO,CHAFFEE,33.0,5.0
10173,ST VINCENT'S CHILTON,CLANTON,AL,CHILTON,32.0,5.0
30103,MAYO CLINIC HOSPITAL,PHOENIX,AZ,MARICOPA,32.0,5.0
60049,UCHEALTH YAMPA VALLEY MEDICAL CENTER,STEAMBOAT SPRINGS,CO,ROUTT,32.0,5.0
41312,BAPTIST HEALTH MEDICAL CENTER HEBER SPINGS,HEBER SPRINGS,AR,CLEBURNE,31.0,5.0
51334,OJAI VALLEY COMMUNITY HOSPITAL,OJAI,CA,VENTURA,31.0,5.0
10045,FAYETTE MEDICAL CENTER,FAYETTE,AL,FAYETTE,30.0,5.0
50714,SUTTER MATERNITY & SURGERY CENTER OF SANTA CRUZ,SANTA CRUZ,CA,SANTA CRUZ,29.0,5.0
50782,CASA COLINA HOSPITAL,POMONA,CA,LOS ANGELES,29.0,5.0
51310,ADVENTIST HEALTH HOWARD MEMORIAL,WILLITS,CA,MENDOCINO,29.0,5.0
60006,MONTROSE MEMORIAL HOSPITAL,MONTROSE,CO,MONTROSE,29.0,5.0
41307,CROSSRIDGE COMMUNITY HOSPITAL,WYNNE,AR,CROSS,28.0,5.0
50396,SANTA BARBARA COTTAGE HOSPITAL,SANTA BARBARA,CA,SANTA BARBARA,28.0,5.0
51303,MAMMOTH HOSPITAL,MAMMOTH LAKES,CA,MONO,28.0,5.0
50351,TORRANCE MEMORIAL MEDICAL CENTER,TORRANCE,CA,LOS ANGELES,27.0,5.0
40072,BAPTIST HEALTH MEDICAL CENTER-STUTTGART,STUTTGART,AR,ARKANSAS,26.0,5.0
60118,ST ANTHONY SUMMIT MEDICAL CENTER,FRISCO,CO,SUMMIT,26.0,5.0
10044,MARION REGIONAL MEDICAL CENTER,HAMILTON,AL,MARION,25.0,5.0
61324,ASPEN VALLEY HOSPITAL,ASPEN,CO,PITKIN,25.0,5.0
41311,HOWARD MEMORIAL HOSPITAL,NASHVILLE,AR,HOWARD,23.0,5.0
51328,TAHOE FOREST HOSPITAL,TRUCKEE,CA,NEVADA,23.0,5.0
50100,SHARP MEMORIAL HOSPITAL,SAN DIEGO,CA,SAN DIEGO,22.0,5.0
50537,SUTTER DAVIS HOSPITAL,DAVIS,CA,YOLO,22.0,5.0
50169,PIH HEALTH HOSPITAL-WHITTIER,WHITTIER,CA,LOS ANGELES,21.0,5.0
50454,UCSF MEDICAL CENTER,SAN FRANCISCO,CA,SAN FRANCISCO,21.0,5.0
50262,RONALD REAGAN U C L A MEDICAL CENTER,LOS ANGELES,CA,LOS ANGELES,20.0,5.0
30108,"CORE INSTITUTE SPECIALTY HOSPITAL, THE",PHOENIX,AZ,MARICOPA,53.0,4.0
30068,MT. GRAHAM REGIONAL MEDICAL CENTER,SAFFORD,AZ,GRAHAM,40.0,4.0
30105,BANNER HEART HOSPITAL,MESA,AZ,MARICOPA,40.0,4.0
50510,KAISER FOUNDATION HOSPITAL,SAN RAFAEL,CA,MARIN,40.0,4.0
31300,WICKENBURG COMMUNITY HOSPITAL,WICKENBURG,AZ,MARICOPA,39.0,4.0
10100,THOMAS HOSPITAL,FAIRHOPE,AL,BALDWIN,38.0,4.0
10056,ST VINCENT'S BIRMINGHAM,BIRMINGHAM,AL,JEFFERSON,37.0,4.0
40010,MERCY HOSPITAL NORTHWEST ARKANSAS,ROGERS,AR,BENTON,37.0,4.0
40062,MERCY HOSPITAL FORT SMITH,FORT SMITH,AR,SEBASTIAN,37.0,4.0
30123,SCOTTSDALE THOMPSON PEAK MEDICAL CENTER,SCOTTSDALE,AZ,MARICOPA,36.0,4.0
30012,YAVAPAI REGIONAL MEDICAL CENTER,PRESCOTT,AZ,YAVAPAI,35.0,4.0
30134,BANNER GOLDFIELD MEDICAL CENTER,APACHE JUNCTION,AZ,PINAL,35.0,4.0
60027,FOOTHILLS HOSPITAL,BOULDER,CO,BOULDER,35.0,4.0
10130,ST VINCENT'S ST CLAIR,PELL CITY,AL,ST. CLAIR,34.0,4.0
50424,SCRIPPS GREEN HOSPITAL,LA JOLLA,CA,SAN DIEGO,34.0,4.0
10113,MOBILE INFIRMARY MEDICAL CENTER,MOBILE,AL,MOBILE,33.0,4.0
50234,SHARP CORONADO HOSPITAL AND HLTHCR CTR,CORONADO,CA,SAN DIEGO,33.0,4.0
50407,CHINESE HOSPITAL,SAN FRANCISCO,CA,SAN FRANCISCO,33.0,4.0
50498,SUTTER AUBURN FAITH HOSPITAL,AUBURN,CA,PLACER,33.0,4.0
50677,KAISER FOUNDATION HOSPITAL - WOODLAND HILLS,WOODLAND HILLS,CA,LOS ANGELES,33.0,4.0
50131,NOVATO COMMUNITY HOSPITAL,NOVATO,CA,MARIN,32.0,4.0
50197,SEQUOIA HOSPITAL,REDWOOD CITY,CA,SAN MATEO,32.0,4.0
50232,FRENCH HOSPITAL MEDICAL CENTER,SAN LUIS OBISPO,CA,SAN LUIS OBISPO,32.0,4.0
50690,KAISER FOUNDATION HOSPITAL-SANTA ROSA,SANTA ROSA,CA,SONOMA,32.0,4.0
60030,MCKEE MEDICAL CENTER,LOVELAND,CO,LARIMER,32.0,4.0
60064,CENTURA HEALTH-PORTER ADVENTIST HOSPITAL,DENVER,CO,DENVER,32.0,4.0
60071,DELTA COUNTY MEMORIAL HOSPITAL,DELTA,CO,DELTA,32.0,4.0
60119,MEDICAL CENTER OF THE ROCKIES,LOVELAND,CO,LARIMER,32.0,4.0
10097,ELMORE COMMUNITY HOSPITAL,WETUMPKA,AL,ELMORE,31.0,4.0
10144,SPRINGHILL MEMORIAL HOSPITAL,MOBILE,AL,MOBILE,31.0,4.0
30002,BANNER - UNIVERSITY MEDICAL CENTER PHOENIX,PHOENIX,AZ,MARICOPA,31.0,4.0
30115,BANNER ESTRELLA MEDICAL CENTER,PHOENIX,AZ,MARICOPA,31.0,4.0
50070,KAISER FOUNDATION HOSPITAL - SOUTH SAN FRANCISCO,SOUTH SAN FRANCISCO,CA,SAN MATEO,31.0,4.0
50515,KAISER FOUNDATION HOSPITAL - ZION,SAN DIEGO,CA,SAN DIEGO,31.0,4.0
50541,KAISER FOUNDATION HOSPITAL - REDWOOD CITY,REDWOOD CITY,CA,SAN MATEO,31.0,4.0
60010,POUDRE VALLEY HOSPITAL,FORT COLLINS,CO,LARIMER,31.0,4.0
70004,SHARON HOSPITAL,SHARON,CT,LITCHFIELD,31.0,4.0
10065,RUSSELL MEDICAL CENTER,ALEXANDER CITY,AL,TALLAPOOSA,30.0,4.0
30130,BANNER IRONWOOD MEDICAL CENTER,QUEEN CREEK,AZ,PINAL,30.0,4.0
40027,BAXTER REGIONAL MEDICAL CENTER,MOUNTAIN HOME,AR,BAXTER,30.0,4.0
40047,FIVE RIVERS MEDICAL CENTER,POCAHONTAS,AR,RANDOLPH,30.0,4.0
50007,MILLS-PENINSULA MEDICAL CENTER,BURLINGAME,CA,SAN MATEO,30.0,4.0
50573,EISENHOWER MEDICAL CENTER,RANCHO MIRAGE,CA,RIVERSIDE,30.0,4.0
50603,MEMORIALCARE SADDLEBACK MEDICAL CENTER,LAGUNA HILLS,CA,ORANGE,30.0,4.0
60076,STERLING REGIONAL MEDCENTER,STERLING,CO,LOGAN,30.0,4.0
60126,BANNER FORT COLLINS MEDICAL CENTER,FORT COLLINS,CO,LARIMER,30.0,4.0
70017,MIDSTATE MEDICAL CENTER,MERIDEN,CT,NEW HAVEN,30.0,4.0
10125,LAKELAND COMMUNITY HOSPITAL,HALEYVILLE,AL,WINSTON,29.0,4.0
10129,NORTH BALDWIN INFIRMARY,BAY MINETTE,AL,BALDWIN,29.0,4.0
11305,ST VINCENTS BLOUNT,ONEONTA,AL,BLOUNT,29.0,4.0
30122,BANNER GATEWAY MEDICAL CENTER,GILBERT,AZ,MARICOPA,29.0,4.0
40050,OUACHITA COUNTY MEDICAL CENTER,CAMDEN,AR,OUACHITA,29.0,4.0
50138,KAISER FOUNDATION HOSPITAL - LOS ANGELES,LOS ANGELES,CA,LOS ANGELES,29.0,4.0
50145,COMMUNITY HOSPITAL OF THE MONTEREY PENINSULA,MONTEREY,CA,MONTEREY,29.0,4.0
50512,KAISER FOUNDATION HOSPITAL - FREMONT,FREMONT,CA,ALAMEDA,29.0,4.0
50609,KAISER FOUNDATION HOSPITAL - ORANGE COUNTY - ANAHE,ANAHEIM,CA,ORANGE,29.0,4.0
50710,KAISER FOUNDATION HOSPITAL - FRESNO,FRESNO,CA,FRESNO,29.0,4.0
51320,BANNER LASSEN MEDICAL CENTER,SUSANVILLE,CA,LASSEN,29.0,4.0
60096,VAIL HEALTH HOSPITAL,VAIL,CO,EAGLE,29.0,4.0
61320,GUNNISON VALLEY HOSPITAL,GUNNISON,CO,GUNNISON,29.0,4.0
10055,FLOWERS HOSPITAL,DOTHAN,AL,HOUSTON,28.0,4.0
10104,GRANDVIEW MEDICAL CENTER,BIRMINGHAM,AL,JEFFERSON,28.0,4.0
21313,SOUTH PENINSULA HOSPITAL,HOMER,AK,KENAI PENINSULA,28.0,4.0
41322,FULTON COUNTY HOSPITAL,SALEM,AR,FULTON,28.0,4.0
50071,KAISER FOUNDATION HOSPITAL-SANTA CLARA,SANTA CLARA,CA,SANTA CLARA,28.0,4.0
50309,SUTTER ROSEVILLE MEDICAL CENTER,ROSEVILLE,CA,PLACER,28.0,4.0
50352,BARTON MEMORIAL HOSPITAL,SOUTH LAKE TAHOE,CA,EL DORADO,28.0,4.0
50767,KAISER FOUNDATION HOSPITAL - VACAVILLE,VACAVILLE,CA,SOLANO,28.0,4.0
50772,KAISER FOUNDATION HOSPITAL - ROSEVILLE,ROSEVILLE,CA,PLACER,28.0,4.0
51321,HEALDSBURG DISTRICT HOSPITAL,HEALDSBURG,CA,SONOMA,28.0,4.0
70002,ST FRANCIS HOSPITAL & MEDICAL CENTER,HARTFORD,CT,HARTFORD,28.0,4.0
10083,SOUTH BALDWIN REGIONAL MEDICAL CENTER,FOLEY,AL,BALDWIN,27.0,4.0
30087,SCOTTSDALE SHEA MEDICAL CENTER,SCOTTSDALE,AZ,MARICOPA,27.0,4.0
30114,ORO VALLEY HOSPITAL,ORO VALLEY,AZ,PIMA,27.0,4.0
40004,WASHINGTON REGIONAL MEDICAL CENTER,FAYETTEVILLE,AR,WASHINGTON,27.0,4.0
40152,NORTHWEST HEALTH PHYSICIANS SPECIALTY HOSPITAL,FAYETTEVILLE,AR,WASHINGTON,27.0,4.0
50137,KAISER FOUNDATION HOSPITAL - PANORAMA CITY,PANORAMA CITY,CA,LOS ANGELES,27.0,4.0
50168,ST JUDE MEDICAL CENTER,FULLERTON,CA,ORANGE,27.0,4.0
50180,JOHN MUIR MEDICAL CENTER - WALNUT CREEK CAMPUS,WALNUT CREEK,CA,CONTRA COSTA,27.0,4.0
50254,MARSHALL MEDICAL CENTER,PLACERVILLE,CA,EL DORADO,27.0,4.0
50291,SUTTER SANTA ROSA REGIONAL HOSPITAL,SANTA ROSA,CA,SONOMA,27.0,4.0
50496,JOHN MUIR MEDICAL CENTER - CONCORD CAMPUS,CONCORD,CA,CONTRA COSTA,27.0,4.0
50567,MISSION HOSPITAL REGIONAL MED CENTER,MISSION VIEJO,CA,ORANGE,27.0,4.0
50723,KAISER FOUNDATION HOSPITAL - BALDWIN PARK,BALDWIN PARK,CA,LOS ANGELES,27.0,4.0
60013,MERCY REGIONAL MEDICAL CENTER,DURANGO,CO,LA PLATA,27.0,4.0
60031,CENTURA HEALTH-PENROSE ST FRANCIS HEALTH SERVICES,COLORADO SPRINGS,CO,EL PASO,27.0,4.0
60113,CENTURA HEALTH-LITTLETON ADVENTIST HOSPITAL,LITTLETON,CO,ARAPAHOE,27.0,4.0
10086,NORTHWEST MEDICAL CENTER,WINFIELD,AL,FAYETTE,26.0,4.0
10120,MONROE COUNTY HOSPITAL,MONROEVILLE,AL,MONROE,26.0,4.0
50069,ST JOSEPH HOSPITAL,ORANGE,CA,ORANGE,26.0,4.0
50075,KAISER FOUNDATION HOSPITAL - OAKLAND/RICHMOND,OAKLAND,CA,ALAMEDA,26.0,4.0
50290,PROVIDENCE SAINT JOHN'S HEALTH CENTER,SANTA MONICA,CA,LOS ANGELES,26.0,4.0
50308,EL CAMINO HOSPITAL,MOUNTAIN VIEW,CA,SANTA CLARA,26.0,4.0
50327,LOMA LINDA UNIVERSITY MEDICAL CENTER,LOMA LINDA,CA,SAN BERNARDINO,26.0,4.0
50678,ORANGE COAST MEMORIAL MEDICAL CENTER,FOUNTAIN VALLEY,CA,ORANGE,26.0,4.0
60028,SAINT JOSEPH HOSPITAL,DENVER,CO,DENVER,26.0,4.0
60116,GOOD SAMARITAN MEDICAL CENTER,LAFAYETTE,CO,BOULDER,26.0,4.0
10021,DALE MEDICAL CENTER,OZARK,AL,DALE,25.0,4.0
10046,RIVERVIEW REGIONAL MEDICAL CENTER,GADSDEN,AL,ETOWAH,25.0,4.0
50014,SUTTER AMADOR HOSPITAL,JACKSON,CA,AMADOR,25.0,4.0
50017,MERCY GENERAL HOSPITAL,SACRAMENTO,CA,SACRAMENTO,25.0,4.0
50073,KAISER FOUNDATION HOSPITAL AND REHAB CENTER,VALLEJO,CA,SOLANO,25.0,4.0
50115,PALOMAR HEALTH DOWNTOWN CAMPUS,ESCONDIDO,CA,SAN DIEGO,25.0,4.0
50324,SCRIPPS MEMORIAL HOSPITAL LA JOLLA,LA JOLLA,CA,SAN DIEGO,25.0,4.0
50492,CLOVIS COMMUNITY MEDICAL CENTER,CLOVIS,CA,FRESNO,25.0,4.0
50724,BAKERSFIELD HEART HOSPITAL,BAKERSFIELD,CA,KERN,25.0,4.0
50760,KAISER FOUNDATION HOSPITAL - ANTIOCH,ANTIOCH,CA,CONTRA COSTA,25.0,4.0
50770,LOMA LINDA UNIVERSITY MEDICAL CENTER-MURRIETA,MURRIETA,CA,RIVERSIDE,25.0,4.0
51319,MERCY MEDICAL CENTER MT SHASTA,MOUNT SHASTA,CA,SISKIYOU,25.0,4.0
60015,CENTURA HEALTH-ST ANTHONY HOSPITAL,LAKEWOOD,CO,JEFFERSON,25.0,4.0
70008,JOHNSON MEMORIAL HOSPITAL,STAFFORD SPRINGS,CT,TOLLAND,25.0,4.0
10099,D W MCMILLAN MEMORIAL HOSPITAL,BREWTON,AL,ESCAMBIA,24.0,4.0
10157,SHOALS HOSPITAL,MUSCLE SHOALS,AL,COLBERT,24.0,4.0
30023,FLAGSTAFF MEDICAL CENTER,FLAGSTAFF,AZ,COCONINO,24.0,4.0
40020,ST BERNARDS MEDICAL CENTER,JONESBORO,AR,CRAIGHEAD,24.0,4.0
40154,BAPTIST HEALTH MEDICAL CENTER-CONWAY,CONWAY,AR,FAULKNER,24.0,4.0
50067,OAK VALLEY HOSPITAL DISTRICT,OAKDALE,CA,STANISLAUS,24.0,4.0
50140,KAISER FOUNDATION HOSPITAL FONTANA,FONTANA,CA,SAN BERNARDINO,24.0,4.0
50411,KAISER FOUNDATION HOSPITAL - SOUTH BAY,HARBOR CITY,CA,LOS ANGELES,24.0,4.0
50674,KAISER FOUNDATION HOSP SO SACRAMENTO,SACRAMENTO,CA,SACRAMENTO,24.0,4.0
50777,KAISER FOUNDATION HOSPITAL - SAN LEANDRO,SAN LEANDRO,CA,ALAMEDA,24.0,4.0
51324,NORTHERN INYO HOSPITAL,BISHOP,CA,INYO,24.0,4.0
60023,ST MARYS  MEDICAL CENTER,GRAND JUNCTION,CO,MESA,24.0,4.0
60125,CASTLE ROCK ADVENTIST HOSPITAL,CASTLE ROCK,CO,DOUGLAS,24.0,4.0
61317,GRAND RIVER MEDICAL CENTER,RIFLE,CO,GARFIELD,24.0,4.0
10039,HUNTSVILLE HOSPITAL,HUNTSVILLE,AL,MADISON,23.0,4.0
30062,SUMMIT HEALTHCARE REGIONAL MEDICAL CENTER,SHOW LOW,AZ,NAVAJO,23.0,4.0
40036,BAPTIST HEALTH MEDICAL CENTER NORTH LITTLE ROCK,NORTH LITTLE ROCK,AR,PULASKI,23.0,4.0
40076,BAPTIST HEALTH MEDICAL CENTER-HOT SPRINGS COUNTY,MALVERN,AR,HOT SPRING,23.0,4.0
41321,BAPTIST HEALTH MEDICAL CENTER-ARKADELPHIA,ARKADELPHIA,AR,CLARK,23.0,4.0
50108,"SUTTER MEDICAL CENTER, SACRAMENTO",SACRAMENTO,CA,SACRAMENTO,23.0,4.0
50224,HOAG MEMORIAL HOSPITAL PRESBYTERIAN,NEWPORT BEACH,CA,ORANGE,23.0,4.0
50283,STANFORD HEALTH CARE - VALLEYCARE,PLEASANTON,CA,ALAMEDA,23.0,4.0
50441,STANFORD HEALTH CARE,STANFORD,CA,SANTA CLARA,23.0,4.0
50625,CEDARS-SINAI MEDICAL CENTER,LOS ANGELES,CA,LOS ANGELES,23.0,4.0
50696,KECK HOSPITAL OF USC,LOS ANGELES,CA,LOS ANGELES,23.0,4.0
60003,LONGMONT UNITED HOSPITAL,LONGMONT,CO,BOULDER,23.0,4.0
60020,"PARKVIEW MEDICAL CENTER, INC",PUEBLO,CO,PUEBLO,23.0,4.0
60022,UNIVERSITY COLO HEALTH MEMORIAL HOSPITAL CENTRAL,COLORADO SPRINGS,CO,EL PASO,23.0,4.0
60075,VALLEY VIEW HOSPITAL ASSOCIATION,GLENWOOD SPRINGS,CO,GARFIELD,23.0,4.0
60114,PARKER ADVENTIST HOSPITAL,PARKER,CO,DOUGLAS,23.0,4.0
70006,STAMFORD HOSPITAL,STAMFORD,CT,FAIRFIELD,23.0,4.0
10029,EAST ALABAMA MEDICAL CENTER,OPELIKA,AL,LEE,22.0,4.0
40118,NEA BAPTIST MEMORIAL HOSPITAL,JONESBORO,AR,CRAIGHEAD,22.0,4.0
50099,SAN ANTONIO REGIONAL HOSPITAL,UPLAND,CA,SAN BERNARDINO,22.0,4.0
50139,KAISER FOUNDATION HOSPITAL - DOWNEY,DOWNEY,CA,LOS ANGELES,22.0,4.0
50414,MERCY HOSPITAL OF FOLSOM,FOLSOM,CA,SACRAMENTO,22.0,4.0
50686,"KAISER FOUNDATION HOSPITAL, RIVERSIDE",RIVERSIDE,CA,RIVERSIDE,22.0,4.0
50748,KAISER FOUNDATION HOSPITAL MANTECA,MANTECA,CA,SAN JOAQUIN,22.0,4.0
60024,UNIVERSITY OF COLORADO HOSPITAL AUTHORITY,AURORA,CO,ADAMS,22.0,4.0
10108,PRATTVILLE BAPTIST HOSPITAL,PRATTVILLE,AL,AUTAUGA,21.0,4.0
30014,JOHN C. LINCOLN NORTH MOUNTAIN HOSPITAL,PHOENIX,AZ,MARICOPA,21.0,4.0
40029,CONWAY REGIONAL MEDICAL CENTER,CONWAY,AR,FAULKNER,21.0,4.0
40114,BAPTIST HEALTH MEDICAL CENTER-LITTLE ROCK,LITTLE ROCK,AR,PULASKI,21.0,4.0
41323,ASHLEY COUNTY MEDICAL CENTER,CROSSETT,AR,ASHLEY,21.0,4.0
50039,ENLOE MEDICAL CENTER,CHICO,CA,BUTTE,21.0,4.0
50043,ALTA BATES SUMMIT MEDICAL CENTER,OAKLAND,CA,ALAMEDA,21.0,4.0
50107,MARIAN REGIONAL MEDICAL CENTER,SANTA MARIA,CA,SANTA BARBARA,21.0,4.0
50238,METHODIST HOSPITAL OF SOUTHERN CA,ARCADIA,CA,LOS ANGELES,21.0,4.0
50353,PROVIDENCE LITTLE COMPANY OF MARY MED CTR TORRANCE,TORRANCE,CA,LOS ANGELES,21.0,4.0
50485,LONG BEACH MEMORIAL MEDICAL CENTER,LONG BEACH,CA,LOS ANGELES,21.0,4.0
50488,EDEN MEDICAL CENTER,CASTRO VALLEY,CA,ALAMEDA,21.0,4.0
60009,LUTHERAN MEDICAL CENTER,WHEAT RIDGE,CO,JEFFERSON,21.0,4.0
20001,PROVIDENCE ALASKA MEDICAL CENTER,ANCHORAGE,AK,ANCHORAGE,20.0,4.0
20008,BARTLETT REGIONAL HOSPITAL,JUNEAU,AK,JUNEAU,20.0,4.0
30119,MERCY GILBERT MEDICAL CENTER,GILBERT,AZ,MARICOPA,20.0,4.0
40011,CHAMBERS MEMORIAL HOSPITAL,DANVILLE,AR,YELL,20.0,4.0
50025,UC SAN DIEGO HEALTH HILLCREST - HILLCREST MED CTR,SAN DIEGO,CA,SAN DIEGO,20.0,4.0
50438,HUNTINGTON MEMORIAL HOSPITAL,PASADENA,CA,LOS ANGELES,20.0,4.0
50599,UNIVERSITY OF CALIFORNIA DAVIS MEDICAL CENTER,SACRAMENTO,CA,SACRAMENTO,20.0,4.0
50624,HENRY MAYO NEWHALL  HOSPITAL,VALENCIA,CA,LOS ANGELES,20.0,4.0
60004,PLATTE VALLEY MEDICAL CENTER,BRIGHTON,CO,ADAMS,20.0,4.0
60103,CENTURA HEALTH-AVISTA ADVENTIST HOSPITAL,LOUISVILLE,CO,BOULDER,20.0,4.0
61314,"MEMORIAL HOSPITAL, THE",CRAIG,CO,MOFFAT,20.0,4.0
10101,CITIZENS BAPTIST MEDICAL CENTER,TALLADEGA,AL,TALLADEGA,19.0,4.0
20024,CENTRAL PENINSULA GENERAL HOSPITAL,SOLDOTNA,AK,KENAI PENINSULA,19.0,4.0
50112,SANTA MONICA - UCLA MED CTR & ORTHOPAEDIC HOSPITAL,SANTA MONICA,CA,LOS ANGELES,19.0,4.0
50127,WOODLAND MEMORIAL HOSPITAL,WOODLAND,CA,YOLO,19.0,4.0
50204,PALMDALE REGIONAL MEDICAL CENTER,PALMDALE,CA,LOS ANGELES,19.0,4.0
50235,PROVIDENCE SAINT JOSEPH MEDICAL CTR,BURBANK,CA,LOS ANGELES,19.0,4.0
50272,REDLANDS COMMUNITY HOSPITAL,REDLANDS,CA,SAN BERNARDINO,19.0,4.0
51329,SUTTER LAKESIDE HOSPITAL,LAKEPORT,CA,LAKE,19.0,4.0
10149,BAPTIST MEDICAL CENTER EAST,MONTGOMERY,AL,MONTGOMERY,18.0,4.0
40002,JOHNSON REGIONAL MEDICAL CENTER,CLARKSVILLE,AR,JOHNSON,18.0,4.0
40016,UAMS MEDICAL CENTER,LITTLE ROCK,AR,PULASKI,18.0,4.0
50078,PROVIDENCE LITTLE CO OF MARY MED CTR SAN PEDRO,SAN PEDRO,CA,LOS ANGELES,18.0,4.0
50278,PROVIDENCE HOLY CROSS MEDICAL CENTER,MISSION HILLS,CA,LOS ANGELES,18.0,4.0
50296,HAZEL HAWKINS MEMORIAL HOSPITAL,HOLLISTER,CA,SAN BENITO,18.0,4.0
60014,PRESBYTERIAN ST LUKES MEDICAL CENTER,DENVER,CO,DENVER,18.0,4.0
10033,UNIVERSITY OF ALABAMA HOSPITAL,BIRMINGHAM,AL,JEFFERSON,17.0,4.0
50116,NORTHRIDGE HOSPITAL MEDICAL CENTER,NORTHRIDGE,CA,LOS ANGELES,17.0,4.0
50334,SALINAS VALLEY MEMORIAL HOSPITAL,SALINAS,CA,MONTEREY,17.0,4.0
50775,TEMECULA VALLEY HOSPITAL,TEMECULA,CA,RIVERSIDE,17.0,4.0
60032,ROSE MEDICAL CENTER,DENVER,CO,DENVER,17.0,4.0
60034,SWEDISH MEDICAL CENTER,ENGLEWOOD,CO,ARAPAHOE,17.0,4.0
60104,ST ANTHONY NORTH HEALTH CAMPUS,WESTMINSTER,CO,BROOMFIELD,17.0,4.0
30024,ST. JOSEPH'S HOSPITAL AND MEDICAL CENTER,PHOENIX,AZ,MARICOPA,16.0,4.0
50040,LAC/OLIVE VIEW-UCLA MEDICAL CENTER,SYLMAR,CA,LOS ANGELES,16.0,4.0
50313,SUTTER TRACY COMMUNITY HOSPITAL,TRACY,CA,SAN JOAQUIN,16.0,4.0
50348,UNIVERSITY OF CALIFORNIA IRVINE MED CENTER,ORANGE,CA,ORANGE,16.0,4.0
21311,KETCHIKAN MEDICAL CENTER,KETCHIKAN,AK,KETCHIKAN GATEWAY,15.0,4.0
50036,BAKERSFIELD MEMORIAL HOSPITAL,BAKERSFIELD,CA,KERN,15.0,4.0
50376,LAC/HARBOR-UCLA MED CENTER,TORRANCE,CA,LOS ANGELES,15.0,4.0
50717,LAC/RANCHO LOS AMIGOS NATIONAL REHABILITATION  CTR,DOWNEY,CA,LOS ANGELES,15.0,4.0
50528,MEMORIAL HOSPITAL LOS BANOS,LOS BANOS,CA,MERCED,14.0,4.0
50239,GLENDALE ADVENTIST MEDICAL CENTER,GLENDALE,CA,LOS ANGELES,13.0,4.0
50228,ZUCKERBERG SAN FRANCISCO GENERAL HOSP & TRAUMA CTR,SAN FRANCISCO,CA,SAN FRANCISCO,12.0,4.0
50373,LAC+USC MEDICAL CENTER,LOS ANGELES,CA,LOS ANGELES,12.0,4.0
50779,"MARTIN LUTHER KING, JR. COMMUNITY HOSPITAL",LOS ANGELES,CA,LOS ANGELES,9.0,4.0
61327,SOUTHWEST MEMORIAL HOSPITAL,CORTEZ,CO,MONTEZUMA,40.0,3.0
30061,BANNER BOSWELL MEDICAL CENTER,SUN CITY,AZ,MARICOPA,36.0,3.0
30088,BANNER BAYWOOD MEDICAL CENTER,MESA,AZ,MARICOPA,36.0,3.0
50248,NATIVIDAD MEDICAL CENTER,SALINAS,CA,MONTEREY,36.0,3.0
10034,COMMUNITY HOSPITAL INC,TALLASSEE,AL,ELMORE,35.0,3.0
10005,MARSHALL MEDICAL CENTER SOUTH,BOAZ,AL,MARSHALL,34.0,3.0
10011,ST VINCENT'S EAST,BIRMINGHAM,AL,JEFFERSON,33.0,3.0
10090,PROVIDENCE HOSPITAL,MOBILE,AL,MOBILE,33.0,3.0
30016,BANNER CASA GRANDE MEDICAL CENTER,CASA GRANDE,AZ,PINAL,33.0,3.0
31314,COBRE VALLEY REGIONAL MEDICAL CENTER,GLOBE,AZ,GILA,33.0,3.0
40014,WHITE COUNTY MEDICAL CENTER,SEARCY,AR,WHITE,33.0,3.0
60001,NORTH COLORADO MEDICAL CENTER,GREELEY,CO,WELD,33.0,3.0
10169,ATMORE COMMUNITY HOSPITAL,ATMORE,AL,ESCAMBIA,32.0,3.0
30093,BANNER DEL E. WEBB MEDICAL CENTER,SUN CITY WEST,AZ,MARICOPA,32.0,3.0
50076,KAISER FOUNDATION HOSPITAL - SAN FRANCISCO,SAN FRANCISCO,CA,SAN FRANCISCO,32.0,3.0
30065,BANNER DESERT MEDICAL CENTER,MESA,AZ,MARICOPA,31.0,3.0
30089,BANNER THUNDERBIRD MEDICAL CENTER,GLENDALE,AZ,MARICOPA,30.0,3.0
60054,COMMUNITY HOSPITAL,GRAND JUNCTION,CO,MESA,30.0,3.0
10131,CRESTWOOD MEDICAL CENTER,HUNTSVILLE,AL,MADISON,29.0,3.0
10164,COOSA VALLEY MEDICAL CENTER,SYLACAUGA,AL,TALLADEGA,29.0,3.0
20006,MAT-SU REGIONAL MEDICAL CENTER,PALMER,AK,MATANUSKA-SUSITNA,29.0,3.0
50072,KAISER FOUNDATION HOSPITAL - WALNUT CREEK,WALNUT CREEK,CA,CONTRA COSTA,29.0,3.0
50194,WATSONVILLE COMMUNITY HOSPITAL,WATSONVILLE,CA,SANTA CRUZ,29.0,3.0
50335,ADVENTIST HEALTH SONORA,SONORA,CA,TUOLUMNE,29.0,3.0
50360,MARIN GENERAL HOSPITAL,GREENBRAE,CA,MARIN,29.0,3.0
50425,KAISER FOUNDATION HOSPITAL - SACRAMENTO,SACRAMENTO,CA,SACRAMENTO,29.0,3.0
10062,WIREGRASS MEDICAL CENTER,GENEVA,AL,GENEVA,28.0,3.0
10069,MEDICAL CENTER BARBOUR,EUFAULA,AL,BARBOUR,28.0,3.0
50174,SANTA ROSA MEMORIAL HOSPITAL,SANTA ROSA,CA,SONOMA,28.0,3.0
50764,SHASTA REGIONAL MEDICAL CENTER,REDDING,CA,SHASTA,28.0,3.0
70003,DAY KIMBALL HOSPITAL,PUTNAM,CT,WINDHAM,28.0,3.0
10007,MIZELL MEMORIAL HOSPITAL,OPP,AL,COVINGTON,27.0,3.0
10091,GROVE HILL MEMORIAL HOSPITAL,GROVE HILL,AL,CLARKE,27.0,3.0
10126,TROY REGIONAL MEDICAL CENTER,TROY,AL,PIKE,27.0,3.0
30007,VERDE VALLEY MEDICAL CENTER,COTTONWOOD,AZ,YAVAPAI,27.0,3.0
30117,VALLEY VIEW MEDICAL CENTER,FORT MOHAVE,AZ,MOHAVE,27.0,3.0
31317,LA PAZ REGIONAL HOSPITAL,PARKER,AZ,LAPAZ,27.0,3.0
50047,CALIFORNIA PACIFIC MEDICAL CTR-PACIFIC CAMPUS HOSP,SAN FRANCISCO,CA,SAN FRANCISCO,27.0,3.0
50604,KAISER FOUNDATION HOSPITAL-SAN JOSE,SAN JOSE,CA,SANTA CLARA,27.0,3.0
51318,REDWOOD MEMORIAL HOSPITAL,FORTUNA,CA,HUMBOLDT,27.0,3.0
30055,KINGMAN REGIONAL MEDICAL CENTER,KINGMAN,AZ,MOHAVE,26.0,3.0
30069,HAVASU REGIONAL MEDICAL CENTER,LAKE HAVASU CITY,AZ,MOHAVE,26.0,3.0
40067,MAGNOLIA HOSPITAL,MAGNOLIA,AR,COLUMBIA,26.0,3.0
50009,QUEEN OF THE VALLEY MEDICAL CENTER,NAPA,CA,NAPA,26.0,3.0
50136,PETALUMA VALLEY HOSPITAL,PETALUMA,CA,SONOMA,26.0,3.0
50394,COMMUNITY MEMORIAL HOSPITAL SAN BUENAVENTURA,VENTURA,CA,VENTURA,26.0,3.0
60044,COLORADO PLAINS MEDICAL CENTER,FORT MORGAN,CO,MORGAN,26.0,3.0
10036,ANDALUSIA HEALTH,ANDALUSIA,AL,COVINGTON,25.0,3.0
10040,GADSDEN REGIONAL MEDICAL CENTER,GADSDEN,AL,ETOWAH,25.0,3.0
20017,ALASKA REGIONAL HOSPITAL,ANCHORAGE,AK,ANCHORAGE,25.0,3.0
30006,TUCSON MEDICAL CENTER,TUCSON,AZ,PIMA,25.0,3.0
30085,NORTHWEST MEDICAL CENTER,TUCSON,AZ,PIMA,25.0,3.0
30111,BANNER-UNIVERSITY MEDICAL CENTER SOUTH CAMPUS,TUCSON,AZ,PIMA,25.0,3.0
40007,CHI-ST VINCENT INFIRMARY,LITTLE ROCK,AR,PULASKI,25.0,3.0
50261,SIERRA VIEW MEDICAL CENTER,PORTERVILLE,CA,TULARE,25.0,3.0
50471,GOOD SAMARITAN HOSPITAL,LOS ANGELES,CA,LOS ANGELES,25.0,3.0
51316,FAIRCHILD MEDICAL CENTER,YREKA,CA,SISKIYOU,25.0,3.0
10023,BAPTIST MEDICAL CENTER SOUTH,MONTGOMERY,AL,MONTGOMERY,24.0,3.0
10087,UNIVERSITY OF SOUTH ALABAMA MEDICAL CENTER,MOBILE,AL,MOBILE,24.0,3.0
40018,SPARKS MEDICAL CENTER - VAN BUREN,VAN BUREN,AR,CRAWFORD,24.0,3.0
40026,CHI ST. VINCENT HOSPITAL HOT SPRINGS,HOT SPRINGS,AR,GARLAND,24.0,3.0
40085,HELENA REGIONAL MEDICAL CENTER,HELENA,AR,PHILLIPS,24.0,3.0
40137,ST VINCENT MEDICAL CENTER/NORTH,SHERWOOD,AR,PULASKI,24.0,3.0
50013,ADVENTIST HEALTH ST HELENA,SAINT HELENA,CA,NAPA,24.0,3.0
50090,SONOMA VALLEY HOSPITAL,SONOMA,CA,SONOMA,24.0,3.0
50124,USC VERDUGO HILLS HOSPITAL,GLENDALE,CA,LOS ANGELES,24.0,3.0
50289,SETON MEDICAL CENTER,DALY CITY,CA,SAN MATEO,24.0,3.0
50457,ST MARY'S MEDICAL CENTER,SAN FRANCISCO,CA,SAN FRANCISCO,24.0,3.0
50534,JOHN F KENNEDY MEMORIAL HOSPITAL,INDIO,CA,RIVERSIDE,24.0,3.0
50616,ST JOHNS PLEASANT VALLEY HOSPITAL,CAMARILLO,CA,VENTURA,24.0,3.0
50636,POMERADO HOSPITAL,POWAY,CA,SAN DIEGO,24.0,3.0
50736,MONTEREY PARK HOSPITAL,MONTEREY PARK,CA,LOS ANGELES,24.0,3.0
61344,CENTURA HEALTH-ST THOMAS MORE HOSPITAL,CANON CITY,CO,FREMONT,24.0,3.0
10012,DEKALB REGIONAL MEDICAL CENTER,FORT PAYNE,AL,DE KALB,23.0,3.0
10049,MEDICAL CENTER ENTERPRISE,ENTERPRISE,AL,COFFEE,23.0,3.0
10052,LAKE MARTIN COMMUNITY HOSPITAL,DADEVILLE,AL,TALLAPOOSA,23.0,3.0
10103,PRINCETON BAPTIST MEDICAL CENTER,BIRMINGHAM,AL,JEFFERSON,23.0,3.0
10114,"MEDICAL WEST, AN AFFILIATE OF UAB HEALTH SYSTEM",BESSEMER,AL,JEFFERSON,23.0,3.0
10148,EVERGREEN MEDICAL CENTER,EVERGREEN,AL,CONECUH,23.0,3.0
30038,SCOTTSDALE OSBORN MEDICAL CENTER,SCOTTSDALE,AZ,MARICOPA,23.0,3.0
40019,FORREST CITY MEDICAL CENTER,FORREST CITY,AR,ST. FRANCIS,23.0,3.0
40055,SPARKS REGIONAL MEDICAL CENTER,FORT SMITH,AR,SEBASTIAN,23.0,3.0
40088,MEDICAL CENTER OF SOUTH ARKANSAS,EL DORADO,AR,UNION,23.0,3.0
50150,SIERRA NEVADA MEMORIAL HOSPITAL,GRASS VALLEY,CA,NEVADA,23.0,3.0
50192,ADVENTIST HEALTH REEDLEY,REEDLEY,CA,FRESNO,23.0,3.0
50225,ADVENTIST HEALTH FEATHER RIVER,PARADISE,CA,BUTTE,23.0,3.0
50242,DOMINICAN HOSPITAL,SANTA CRUZ,CA,SANTA CRUZ,23.0,3.0
50455,ADVENTIST HEALTH BAKERSFIELD,BAKERSFIELD,CA,KERN,23.0,3.0
50503,SCRIPPS MEMORIAL HOSPITAL - ENCINITAS,ENCINITAS,CA,SAN DIEGO,23.0,3.0
50561,KAISER FOUNDATION HOSPITAL - WEST LA,LOS ANGELES,CA,LOS ANGELES,23.0,3.0
51317,ADVENTIST HEALTH CLEARLAKE,CLEARLAKE,CA,LAKE,23.0,3.0
60012,CENTURA HEALTH-ST MARY CORWIN MEDICAL CENTER,PUEBLO,CO,PUEBLO,23.0,3.0
30010,ST. MARY'S HOSPITAL,TUCSON,AZ,PIMA,22.0,3.0
31311,LITTLE COLORADO MEDICAL CENTER,WINSLOW,AZ,NAVAJO,22.0,3.0
40017,NORTH ARKANSAS REGIONAL MEDICAL CENTER,HARRISON,AR,BOONE,22.0,3.0
40022,NORTHWEST MEDICAL CENTER-SPRINGDALE,SPRINGDALE,AR,WASHINGTON,22.0,3.0
40039,ARKANSAS METHODIST MEDICAL CENTER,PARAGOULD,AR,GREENE,22.0,3.0
40071,JEFFERSON REGIONAL MEDICAL CENTER,PINE BLUFF,AR,JEFFERSON,22.0,3.0
40119,WHITE RIVER MEDICAL CENTER,BATESVILLE,AR,INDEPENDENCE,22.0,3.0
50008,CALIFORNIA PACIFIC MEDICAL CTR-DAVIES CAMPUS HOSP,SAN FRANCISCO,CA,SAN FRANCISCO,22.0,3.0
50060,COMMUNITY REGIONAL MEDICAL CENTER,FRESNO,CA,FRESNO,22.0,3.0
50103,WHITE MEMORIAL MEDICAL CENTER,LOS ANGELES,CA,LOS ANGELES,22.0,3.0
50121,ADVENTIST HEALTH HANFORD,HANFORD,CA,KINGS,22.0,3.0
50153,O'CONNOR HOSPITAL,SAN JOSE,CA,SANTA CLARA,22.0,3.0
50195,WASHINGTON HOSPITAL,FREMONT,CA,ALAMEDA,22.0,3.0
50280,MERCY MEDICAL CENTER REDDING,REDDING,CA,SHASTA,22.0,3.0
50464,DOCTORS MEDICAL CENTER,MODESTO,CA,STANISLAUS,22.0,3.0
50597,FOOTHILL PRESBYTERIAN HOSPITAL,GLENDORA,CA,LOS ANGELES,22.0,3.0
50633,TWIN CITIES COMMUNITY HOSPITAL,TEMPLETON,CA,SAN LUIS OBISPO,22.0,3.0
70007,LAWRENCE & MEMORIAL HOSPITAL,NEW LONDON,CT,NEW LONDON,22.0,3.0
10016,SHELBY BAPTIST MEDICAL CENTER,ALABASTER,AL,SHELBY,21.0,3.0
10150,L V STABLER MEMORIAL HOSPITAL,GREENVILLE,AL,BUTLER,21.0,3.0
10158,RUSSELLVILLE HOSPITAL,RUSSELLVILLE,AL,FRANKLIN,21.0,3.0
30011,ST JOSEPH'S HOSPITAL,TUCSON,AZ,PIMA,21.0,3.0
30092,HONORHEALTH DEER VALLEY MEDICAL CENTER,PHOENIX,AZ,MARICOPA,21.0,3.0
40084,SALINE MEMORIAL HOSPITAL,BENTON,AR,SALINE,21.0,3.0
50279,HI-DESERT MEDICAL CENTER,JOSHUA TREE,CA,SAN BERNARDINO,21.0,3.0
50557,MEMORIAL MEDICAL CENTER,MODESTO,CA,STANISLAUS,21.0,3.0
50709,DESERT VALLEY HOSPITAL,VICTORVILLE,CA,SAN BERNARDINO,21.0,3.0
50778,LOMA LINDA UNIVERSITY CHILDREN'S HOSPITAL,LOMA LINDA,CA,SAN BERNARDINO,21.0,3.0
10024,JACKSON HOSPITAL & CLINIC INC,MONTGOMERY,AL,MONTGOMERY,20.0,3.0
10035,CULLMAN REGIONAL MEDICAL CENTER,CULLMAN,AL,CULLMAN,20.0,3.0
10038,STRINGFELLOW MEMORIAL HOSPITAL,ANNISTON,AL,CALHOUN,20.0,3.0
10079,ATHENS LIMESTONE HOSPITAL,ATHENS,AL,LIMESTONE,20.0,3.0
10085,DECATUR MORGAN HOSPITAL-DECATUR CAMPUS,DECATUR,AL,MORGAN,20.0,3.0
10089,WALKER BAPTIST MEDICAL CENTER,JASPER,AL,WALKER,20.0,3.0
20012,FAIRBANKS MEMORIAL HOSPITAL,FAIRBANKS,AK,FAIRBANKS NORTH STAR,20.0,3.0
20018,YUKON KUSKOKWIM DELTA REG HOSPITAL,BETHEL,AK,BETHEL,20.0,3.0
40153,WADLEY REGIONAL MEDICAL CENTER AT HOPE,HOPE,AR,HEMPSTEAD,20.0,3.0
50054,SAN GORGONIO MEMORIAL HOSPITAL,BANNING,CA,RIVERSIDE,20.0,3.0
50122,DAMERON HOSPITAL,STOCKTON,CA,SAN JOAQUIN,20.0,3.0
50179,EMANUEL MEDICAL CENTER,TURLOCK,CA,STANISLAUS,20.0,3.0
50226,AHMC ANAHEIM REGIONAL MEDICAL CENTER,ANAHEIM,CA,ORANGE,20.0,3.0
50243,DESERT REGIONAL MEDICAL CENTER,PALM SPRINGS,CA,RIVERSIDE,20.0,3.0
50301,ADVENTIST HEALTH UKIAH VALLEY,UKIAH,CA,MENDOCINO,20.0,3.0
50336,ADVENTIST HEALTH LODI MEMORIAL,LODI,CA,SAN JOAQUIN,20.0,3.0
50586,CHINO VALLEY MEDICAL CENTER,CHINO,CA,SAN BERNARDINO,20.0,3.0
50746,ORANGE COUNTY GLOBAL MEDICAL CENTER,SANTA ANA,CA,ORANGE,20.0,3.0
50761,PROVIDENCE TARZANA MEDICAL CENTER,TARZANA,CA,LOS ANGELES,20.0,3.0
50765,KAISER FOUNDATION HOSPITAL-MORENO VALLEY,MORENO VALLEY,CA,RIVERSIDE,20.0,3.0
60011,DENVER HEALTH MEDICAL CENTER,DENVER,CO,DENVER,20.0,3.0
70016,SAINT MARY'S HOSPITAL,WATERBURY,CT,NEW HAVEN,20.0,3.0
10019,HELEN KELLER MEMORIAL HOSPITAL,SHEFFIELD,AL,COLBERT,19.0,3.0
20026,ALASKA NATIVE MEDICAL CENTER,ANCHORAGE,AK,ANCHORAGE,19.0,3.0
30036,CHANDLER REGIONAL MEDICAL CENTER,CHANDLER,AZ,MARICOPA,19.0,3.0
30094,ABRAZO ARROWHEAD CAMPUS,GLENDALE,AZ,MARICOPA,19.0,3.0
40001,SILOAM SPRINGS REGIONAL HOSPITAL,SILOAM SPRINGS,AR,BENTON,19.0,3.0
40069,GREAT RIVER MEDICAL CENTER,BLYTHEVILLE,AR,MISSISSIPPI,19.0,3.0
50002,ST ROSE HOSPITAL,HAYWARD,CA,ALAMEDA,19.0,3.0
50022,RIVERSIDE COMMUNITY HOSPITAL,RIVERSIDE,CA,RIVERSIDE,19.0,3.0
50028,MAD RIVER COMMUNITY HOSPITAL,ARCATA,CA,HUMBOLDT,19.0,3.0
50057,KAWEAH DELTA MEDICAL CENTER,VISALIA,CA,TULARE,19.0,3.0
50082,ST JOHNS REGIONAL MEDICAL CENTER,OXNARD,CA,VENTURA,19.0,3.0
50093,SAINT AGNES MEDICAL CENTER,FRESNO,CA,FRESNO,19.0,3.0
50118,DOCTORS HOSPITAL OF MANTECA,MANTECA,CA,SAN JOAQUIN,19.0,3.0
50298,BARSTOW COMMUNITY HOSPITAL,BARSTOW,CA,SAN BERNARDINO,19.0,3.0
50320,HIGHLAND HOSPITAL,OAKLAND,CA,ALAMEDA,19.0,3.0
50382,CITRUS VALLEY MEDICAL CENTER-IC CAMPUS,COVINA,CA,LOS ANGELES,19.0,3.0
50506,SIERRA VISTA REGIONAL MEDICAL CENTER,SAN LUIS OBISPO,CA,SAN LUIS OBISPO,19.0,3.0
50588,SAN DIMAS COMMUNITY HOSPITAL,SAN DIMAS,CA,LOS ANGELES,19.0,3.0
50688,ST LOUISE REGIONAL HOSPITAL,GILROY,CA,SANTA CLARA,19.0,3.0
50735,WHITTIER HOSPITAL MEDICAL CENTER,WHITTIER,CA,LOS ANGELES,19.0,3.0
50737,GARFIELD MEDICAL CENTER,MONTEREY PARK,CA,LOS ANGELES,19.0,3.0
50738,GREATER EL MONTE COMMUNITY HOSPITAL,SOUTH EL MONTE,CA,LOS ANGELES,19.0,3.0
61336,ARKANSAS VALLEY REGIONAL MEDICAL CENTER,LA JUNTA,CO,OTERO,19.0,3.0
70010,BRIDGEPORT HOSPITAL,BRIDGEPORT,CT,FAIRFIELD,19.0,3.0
10078,NORTHEAST ALABAMA REGIONAL MEDICAL CENTER,ANNISTON,AL,CALHOUN,18.0,3.0
30013,YUMA REGIONAL MEDICAL CENTER,YUMA,AZ,YUMA,18.0,3.0
30083,ABRAZO SCOTTSDALE CAMPUS,PHOENIX,AZ,MARICOPA,18.0,3.0
40051,DREW MEMORIAL HOSPITAL,MONTICELLO,AR,DREW,18.0,3.0
50026,GROSSMONT HOSPITAL,LA MESA,CA,SAN DIEGO,18.0,3.0
50101,SUTTER SOLANO MEDICAL CENTER,VALLEJO,CA,SOLANO,18.0,3.0
50132,SAN GABRIEL VALLEY MEDICAL CENTER,SAN GABRIEL,CA,LOS ANGELES,18.0,3.0
50152,SAINT FRANCIS MEMORIAL HOSPITAL,SAN FRANCISCO,CA,SAN FRANCISCO,18.0,3.0
50231,POMONA VALLEY HOSPITAL MEDICAL CENTER,POMONA,CA,LOS ANGELES,18.0,3.0
50236,ADVENTIST HEALTH SIMI VALLEY,SIMI VALLEY,CA,VENTURA,18.0,3.0
50367,NORTHBAY MEDICAL CENTER,FAIRFIELD,CA,SOLANO,18.0,3.0
50380,GOOD SAMARITAN HOSPITAL,SAN JOSE,CA,SANTA CLARA,18.0,3.0
50516,MERCY SAN JUAN MEDICAL CENTER,CARMICHAEL,CA,SACRAMENTO,18.0,3.0
50551,LOS ALAMITOS MEDICAL CENTER,LOS ALAMITOS,CA,ORANGE,18.0,3.0
50581,LAKEWOOD REGIONAL MEDICAL CENTER,LAKEWOOD,CA,LOS ANGELES,18.0,3.0
60100,"MEDICAL CENTER OF AURORA, THE",AURORA,CO,ARAPAHOE,18.0,3.0
60112,SKY RIDGE MEDICAL CENTER,LONE TREE,CO,DOUGLAS,18.0,3.0
30110,ABRAZO WEST CAMPUS,GOODYEAR,AZ,MARICOPA,17.0,3.0
50042,ST ELIZABETH COMMUNITY HOSPITAL,RED BLUFF,CA,TEHAMA,17.0,3.0
50230,GARDEN GROVE HOSPITAL & MEDICAL CENTER,GARDEN GROVE,CA,ORANGE,17.0,3.0
50641,EAST LOS ANGELES DOCTORS HOSPITAL,LOS ANGELES,CA,LOS ANGELES,17.0,3.0
50701,SOUTHWEST HEALTHCARE SYSTEM,MURRIETA,CA,RIVERSIDE,17.0,3.0
50739,CENTINELA HOSPITAL MEDICAL CENTER,INGLEWOOD,CA,LOS ANGELES,17.0,3.0
50740,MARINA DEL REY HOSPITAL,MARINA DEL REY,CA,LOS ANGELES,17.0,3.0
10092,D C H REGIONAL MEDICAL CENTER,TUSCALOOSA,AL,TUSCALOOSA,16.0,3.0
10139,BROOKWOOD BAPTIST MEDICAL CENTER,BIRMINGHAM,AL,JEFFERSON,16.0,3.0
50077,SCRIPPS MERCY HOSPITAL,SAN DIEGO,CA,SAN DIEGO,16.0,3.0
50084,ST JOSEPH'S MEDICAL CENTER OF STOCKTON,STOCKTON,CA,SAN JOAQUIN,16.0,3.0
50125,REGIONAL MEDICAL CENTER OF SAN JOSE,SAN JOSE,CA,SANTA CLARA,16.0,3.0
50276,CONTRA COSTA REGIONAL MEDICAL CENTER,MARTINEZ,CA,CONTRA COSTA,16.0,3.0
50549,LOS ROBLES HOSPITAL & MEDICAL CENTER,THOUSAND OAKS,CA,VENTURA,16.0,3.0
50758,MONTCLAIR HOSPITAL MEDICAL CENTER,MONTCLAIR,CA,SAN BERNARDINO,16.0,3.0
60065,NORTH SUBURBAN MEDICAL CENTER,THORNTON,CO,ADAMS,16.0,3.0
50129,ST BERNARDINE MEDICAL CENTER,SAN BERNARDINO,CA,SAN BERNARDINO,15.0,3.0
50222,SHARP CHULA VISTA MEDICAL CENTER,CHULA VISTA,CA,SAN DIEGO,15.0,3.0
50393,PIH HOSPITAL - DOWNEY,DOWNEY,CA,LOS ANGELES,15.0,3.0
50481,WEST HILLS HOSPITAL & MEDICAL CENTER,WEST HILLS,CA,LOS ANGELES,15.0,3.0
50589,PLACENTIA LINDA HOSPITAL,PLACENTIA,CA,ORANGE,15.0,3.0
31313,HOLY CROSS HOSPITAL,NOGALES,AZ,SANTA CRUZ,14.0,3.0
50126,VALLEY PRESBYTERIAN HOSPITAL,VAN NUYS,CA,LOS ANGELES,14.0,3.0
50159,VENTURA COUNTY MEDICAL CENTER,VENTURA,CA,VENTURA,14.0,3.0
50295,MERCY HOSPITAL,BAKERSFIELD,CA,KERN,14.0,3.0
50568,MADERA COMMUNITY HOSPITAL,MADERA,CA,MADERA,14.0,3.0
50590,METHODIST HOSPITAL OF SACRAMENTO,SACRAMENTO,CA,SACRAMENTO,14.0,3.0
50689,SAN RAMON REGIONAL MEDICAL CENTER,SAN RAMON,CA,CONTRA COSTA,14.0,3.0
50058,GLENDALE MEM HOSPITAL & HLTH CENTER,GLENDALE,CA,LOS ANGELES,13.0,3.0
50444,MERCY MEDICAL CENTER,MERCED,CA,MERCED,13.0,3.0
50113,SAN MATEO MEDICAL CENTER,SAN MATEO,CA,SAN MATEO,12.0,3.0
50191,ST MARY MEDICAL CENTER,LONG BEACH,CA,LOS ANGELES,12.0,3.0
30071,FORT DEFIANCE INDIAN HOSPITAL,FORT DEFIANCE,AZ,APACHE,10.0,3.0
50149,CALIFORNIA HOSPITAL MEDICAL CENTER LA,LOS ANGELES,CA,LOS ANGELES,9.0,3.0
50245,ARROWHEAD REGIONAL MEDICAL CENTER,COLTON,CA,SAN BERNARDINO,9.0,3.0
50315,KERN MEDICAL CENTER,BAKERSFIELD,CA,KERN,9.0,3.0
30022,MARICOPA MEDICAL CENTER,PHOENIX,AZ,MARICOPA,8.0,3.0
50089,COMMUNITY HOSPITAL OF SAN BERNARDINO,SAN BERNARDINO,CA,SAN BERNARDINO,8.0,3.0
30137,SANTA CRUZ VALLEY REGIONAL HOSPITAL,GREEN VALLEY,AZ,PIMA,42.0,2.0
30084,CHINLE COMPREHENSIVE HEALTH CARE FACILITY,CHINLE,AZ,APACHE,41.0,2.0
30073,TUBA CITY REGIONAL HEALTH CARE CORPORATION,TUBA CITY,AZ,COCONINO,39.0,2.0
50038,SANTA CLARA VALLEY MEDICAL CENTER,SAN JOSE,CA,SANTA CLARA,28.0,2.0
30064,BANNER - UNIVERSITY MEDICAL CENTER TUCSON CAMPUS,TUCSON,AZ,PIMA,27.0,2.0
40078,NATIONAL PARK MEDICAL CENTER,HOT SPRINGS,AR,GARLAND,27.0,2.0
10061,HIGHLANDS MEDICAL CENTER,SCOTTSBORO,AL,JACKSON,26.0,2.0
50006,ST JOSEPH HOSPITAL,EUREKA,CA,HUMBOLDT,26.0,2.0
51325,MENDOCINO COAST DISTRICT HOSPITAL,FORT BRAGG,CA,MENDOCINO,26.0,2.0
30043,CANYON VISTA MEDICAL CENTER,SIERRA VISTA,AZ,COCHISE,24.0,2.0
40041,ST MARYS REGIONAL MEDICAL CENTER,RUSSELLVILLE,AR,POPE,24.0,2.0
50744,ANAHEIM GLOBAL MEDICAL CENTER,ANAHEIM,CA,ORANGE,24.0,2.0
50747,SOUTH COAST GLOBAL MEDICAL CENTER,SANTA ANA,CA,ORANGE,24.0,2.0
70011,CHARLOTTE HUNGERFORD HOSPITAL,TORRINGTON,CT,LITCHFIELD,24.0,2.0
30101,WESTERN ARIZONA REGIONAL MEDICAL CENTER,BULLHEAD CITY,AZ,MOHAVE,23.0,2.0
50300,ST MARY MEDICAL CENTER,APPLE VALLEY,CA,SAN BERNARDINO,23.0,2.0
70012,ROCKVILLE GENERAL HOSPITAL,ROCKVILLE,CT,TOLLAND,23.0,2.0
10006,ELIZA COFFEE MEMORIAL HOSPITAL,FLORENCE,AL,LAUDERDALE,22.0,2.0
30121,"MOUNTAIN VISTA MEDICAL CENTER, LP",MESA,AZ,MARICOPA,22.0,2.0
50030,OROVILLE HOSPITAL,OROVILLE,CA,BUTTE,22.0,2.0
50110,LOMPOC VALLEY MEDICAL CENTER,LOMPOC,CA,SANTA BARBARA,22.0,2.0
50608,DELANO REGIONAL MEDICAL CENTER,DELANO,CA,KERN,22.0,2.0
60008,SAN LUIS VALLEY HEALTH,ALAMOSA,CO,ALAMOSA,22.0,2.0
10001,SOUTHEAST ALABAMA MEDICAL CENTER,DOTHAN,AL,HOUSTON,21.0,2.0
10118,VAUGHAN REGIONAL MEDICAL CENTER PARKWAY CAMPUS,SELMA,AL,DALLAS,21.0,2.0
50128,TRI-CITY MEDICAL CENTER,OCEANSIDE,CA,SAN DIEGO,21.0,2.0
30037,ST LUKE'S MEDICAL CENTER,PHOENIX,AZ,MARICOPA,19.0,2.0
50305,ALTA BATES SUMMIT MEDICAL CENTER - ALTA BATES CAMP,BERKELEY,CA,ALAMEDA,19.0,2.0
50570,FOUNTAIN VALLEY REGIONAL HOSPITAL & MEDICAL CENTER,FOUNTAIN VALLEY,CA,ORANGE,19.0,2.0
50757,ALVARADO HOSPITAL MEDICAL CENTER,SAN DIEGO,CA,SAN DIEGO,19.0,2.0
50329,CORONA REGIONAL MEDICAL CENTER,CORONA,CA,RIVERSIDE,18.0,2.0
70005,WATERBURY HOSPITAL,WATERBURY,CT,NEW HAVEN,18.0,2.0
30030,ABRAZO CENTRAL CAMPUS,PHOENIX,AZ,MARICOPA,17.0,2.0
50281,ALHAMBRA HOSPITAL MEDICAL CENTER,ALHAMBRA,CA,LOS ANGELES,17.0,2.0
50502,SAINT VINCENT MEDICAL CENTER,LOS ANGELES,CA,LOS ANGELES,17.0,2.0
50745,CHAPMAN GLOBAL MEDICAL CENTER,ORANGE,CA,ORANGE,17.0,2.0
50055,CALIFORNIA PACIFIC MEDICAL CTR - ST. LUKE'S CAMPUS,SAN FRANCISCO,CA,SAN FRANCISCO,16.0,2.0
50091,COMMUNITY HOSPITAL OF HUNTINGTON PARK,HUNTINGTON PARK,CA,LOS ANGELES,16.0,2.0
50102,PARKVIEW COMMUNITY HOSPITAL MEDICAL CENTER,RIVERSIDE,CA,RIVERSIDE,16.0,2.0
50417,SUTTER COAST HOSPITAL,CRESCENT CITY,CA,DEL NORTE,16.0,2.0
50580,LA PALMA INTERCOMMUNITY HOSPITAL,LA PALMA,CA,ORANGE,16.0,2.0
50727,COMMUNITY HOSPITAL OF LONG BEACH,LONG BEACH,CA,LOS ANGELES,16.0,2.0
50211,ALAMEDA HOSPITAL,ALAMEDA,CA,ALAMEDA,15.0,2.0
50257,GOOD SAMARITAN HOSPITAL,BAKERSFIELD,CA,KERN,15.0,2.0
50426,WEST ANAHEIM MEDICAL CENTER,ANAHEIM,CA,ORANGE,15.0,2.0
50523,SUTTER DELTA MEDICAL CENTER,ANTIOCH,CA,CONTRA COSTA,15.0,2.0
50045,EL CENTRO REGIONAL MEDICAL CENTER,EL CENTRO,CA,IMPERIAL,14.0,2.0
50350,BEVERLY HOSPITAL,MONTEBELLO,CA,LOS ANGELES,14.0,2.0
50056,ANTELOPE VALLEY HOSPITAL,LANCASTER,CA,LOS ANGELES,13.0,2.0
50755,SHERMAN OAKS HOSPITAL,SHERMAN OAKS,CA,LOS ANGELES,13.0,2.0
50024,PARADISE VALLEY HOSPITAL,NATIONAL CITY,CA,SAN DIEGO,12.0,2.0
50342,PIONEERS MEMORIAL HEALTHCARE DISTRICT,BRAWLEY,CA,IMPERIAL,12.0,2.0
50773,SAN LEANDRO HOSPITAL,SAN LEANDRO,CA,ALAMEDA,12.0,2.0
50063,HOLLYWOOD PRESBYTERIAN MEDICAL CENTER,LOS ANGELES,CA,LOS ANGELES,10.0,2.0
50167,SAN JOAQUIN GENERAL HOSPITAL,FRENCH CAMP,CA,SAN JOAQUIN,10.0,2.0
50104,SAINT FRANCIS MEDICAL CENTER,LYNWOOD,CA,LOS ANGELES,9.0,2.0
50292,RIVERSIDE UNIVERSITY HEALTH SYSTEM-MEDICAL CENTER,MORENO VALLEY,CA,RIVERSIDE,9.0,2.0
40074,NORTH METRO MEDICAL CENTER,JACKSONVILLE,AR,PULASKI,24.0,1.0
50133,RIDEOUT MEMORIAL HOSPITAL,MARYSVILLE,CA,YUBA,20.0,1.0
50378,PACIFICA HOSPITAL OF THE VALLEY,SUN VALLEY,CA,LOS ANGELES,19.0,1.0
50684,MENIFEE VALLEY MEDICAL CENTER,SUN CITY,CA,RIVERSIDE,19.0,1.0
50704,MISSION COMMUNITY HOSPITAL,PANORAMA CITY,CA,LOS ANGELES,18.0,1.0
50517,VICTOR VALLEY GLOBAL MEDICAL CENTER,VICTORVILLE,CA,SAN BERNARDINO,17.0,1.0
50742,OLYMPIA MEDICAL CENTER,LOS ANGELES,CA,LOS ANGELES,16.0,1.0
50390,HEMET VALLEY MEDICAL CENTER,HEMET,CA,RIVERSIDE,15.0,1.0
50468,MEMORIAL HOSPITAL OF GARDENA,GARDENA,CA,LOS ANGELES,15.0,1.0
50663,LOS ANGELES COMMUNITY HOSPITAL,LOS ANGELES,CA,LOS ANGELES,15.0,1.0
50780,FOOTHILL REGIONAL MEDICAL CENTER,TUSTIN,CA,ORANGE,15.0,1.0
50526,HUNTINGTON BEACH HOSPITAL,HUNTINGTON BEACH,CA,ORANGE,14.0,1.0
50771,COAST PLAZA HOSPITAL,NORWALK,CA,LOS ANGELES,13.0,1.0
50135,SOUTHERN CALIFORNIA HOSPITAL AT HOLLYWOOD,HOLLYWOOD,CA,LOS ANGELES,12.0,1.0
